

/*Bruker*/
INSERT INTO Bruker VALUES ('steven', '6ed61d4b80bb0f81937b32418e98adca', 'steven', 'steven', '0'); /*Passord: steven*/

/*Arbeidstid*/
INSERT INTO Arbeidstid VALUES ('65', '2023-05-09', '00:02:14', 'steven');

/*rute*/
INSERT INTO `Rute` (`RuteID`,`Dato`,`Latitude`,`Longitude`,`Brukernavn`) VALUES (214,'2023-05-09','60.153298400000004','10.2588358','steven');
INSERT INTO `Rute` (`RuteID`,`Dato`,`Latitude`,`Longitude`,`Brukernavn`) VALUES (233,'2023-05-09','60.1490905','10.2525695','steven');
INSERT INTO `Rute` (`RuteID`,`Dato`,`Latitude`,`Longitude`,`Brukernavn`) VALUES (240,'2023-05-09','60.147642999999995','10.2487239','steven');
INSERT INTO `Rute` (`RuteID`,`Dato`,`Latitude`,`Longitude`,`Brukernavn`) VALUES (251,'2023-05-09','60.161044499999996','10.221023299999999','steven');
INSERT INTO `Rute` (`RuteID`,`Dato`,`Latitude`,`Longitude`,`Brukernavn`) VALUES (255,'2023-05-09','60.174419','10.2224649','steven');
INSERT INTO `Rute` (`RuteID`,`Dato`,`Latitude`,`Longitude`,`Brukernavn`) VALUES (258,'2023-05-09','60.1786171','10.230786199999999','steven');
INSERT INTO `Rute` (`RuteID`,`Dato`,`Latitude`,`Longitude`,`Brukernavn`) VALUES (260,'2023-05-09','60.18215','10.235249999999999','steven');
INSERT INTO `Rute` (`RuteID`,`Dato`,`Latitude`,`Longitude`,`Brukernavn`) VALUES (262,'2023-05-09','60.1867918','10.2332473','steven');
INSERT INTO `Rute` (`RuteID`,`Dato`,`Latitude`,`Longitude`,`Brukernavn`) VALUES (270,'2023-05-09','60.1955665','10.242739199999999','steven');
INSERT INTO `Rute` (`RuteID`,`Dato`,`Latitude`,`Longitude`,`Brukernavn`) VALUES (271,'2023-05-09','60.1975972','10.2522722','steven');


/*Bruker*/
INSERT INTO Bruker VALUES ('magnus', '6ed61d4b80bb0f81937b32418e98adca', 'magnus', 'magnus', '0'); /*Passord: steven*/

/*Arbeidstid*/
INSERT INTO Arbeidstid VALUES ('75', '2023-05-10', '00:02:14', 'magnus');

/*rute*/
INSERT INTO `Rute` (`RuteID`,`Dato`,`Latitude`,`Longitude`,`Brukernavn`) VALUES (314,'2023-05-10','61.153298400000004','11.2588358','magnus');
INSERT INTO `Rute` (`RuteID`,`Dato`,`Latitude`,`Longitude`,`Brukernavn`) VALUES (333,'2023-05-10','61.1490905','11.2525695','magnus');
INSERT INTO `Rute` (`RuteID`,`Dato`,`Latitude`,`Longitude`,`Brukernavn`) VALUES (340,'2023-05-10','61.147642999999995','11.2487239','magnus');
INSERT INTO `Rute` (`RuteID`,`Dato`,`Latitude`,`Longitude`,`Brukernavn`) VALUES (351,'2023-05-10','61.161044499999996','11.221023299999999','magnus');
INSERT INTO `Rute` (`RuteID`,`Dato`,`Latitude`,`Longitude`,`Brukernavn`) VALUES (355,'2023-05-10','61.174419','11.2224649','magnus');
INSERT INTO `Rute` (`RuteID`,`Dato`,`Latitude`,`Longitude`,`Brukernavn`) VALUES (358,'2023-05-10','61.1786171','11.230786199999999','magnus');
INSERT INTO `Rute` (`RuteID`,`Dato`,`Latitude`,`Longitude`,`Brukernavn`) VALUES (360,'2023-05-10','61.18215','11.235249999999999','magnus');
INSERT INTO `Rute` (`RuteID`,`Dato`,`Latitude`,`Longitude`,`Brukernavn`) VALUES (362,'2023-05-10','61.1867918','11.2332473','magnus');
INSERT INTO `Rute` (`RuteID`,`Dato`,`Latitude`,`Longitude`,`Brukernavn`) VALUES (370,'2023-05-10','61.1955665','11.242739199999999','magnus');
INSERT INTO `Rute` (`RuteID`,`Dato`,`Latitude`,`Longitude`,`Brukernavn`) VALUES (371,'2023-05-10','61.1975972','11.2522722','magnus');
